symbol,signal_date,session,date,open,high,low,close,A_target,A_stop,C_entry,C_target,C_stop
PANACEABIO,2020-12-02,T+1,2020-12-03,249.9,265.0,229.0,233.45,262.5910714285714,233.68928571428572,249.9,267.56986238532113,238.12009174311927
PANACEABIO,2020-12-02,T+2,2020-12-04,232.85,235.85,213.0,214.25,262.5910714285714,233.68928571428572,249.9,267.56986238532113,238.12009174311927
PANACEABIO,2020-12-02,T+3,2020-12-07,214.5,228.0,214.5,225.4,262.5910714285714,233.68928571428572,249.9,267.56986238532113,238.12009174311927
PANACEABIO,2020-12-02,T+4,2020-12-08,229.9,233.3,222.0,227.75,262.5910714285714,233.68928571428572,249.9,267.56986238532113,238.12009174311927
PANACEABIO,2020-12-02,T+5,2020-12-09,230.0,239.75,223.35,232.05,262.5910714285714,233.68928571428572,249.9,267.56986238532113,238.12009174311927
PCJEWELLER,2022-09-20,T+1,2022-09-21,7.86,8.14,7.8,8.14,8.185357142857143,7.476428571428571,7.86,8.290838549337261,7.572774300441827
PCJEWELLER,2022-09-20,T+2,2022-09-22,8.26,8.54,8.2,8.54,8.185357142857143,7.476428571428571,7.86,8.290838549337261,7.572774300441827
PCJEWELLER,2022-09-20,T+3,2022-09-23,8.97,8.97,8.72,8.96,8.185357142857143,7.476428571428571,7.86,8.290838549337261,7.572774300441827
PCJEWELLER,2022-09-20,T+4,2022-09-26,9.37,9.37,8.52,8.67,8.185357142857143,7.476428571428571,7.86,8.290838549337261,7.572774300441827
PCJEWELLER,2022-09-20,T+5,2022-09-27,8.68,9.05,8.24,8.37,8.185357142857143,7.476428571428571,7.86,8.290838549337261,7.572774300441827
PNBGILTS,2022-04-26,T+1,2022-04-27,61.46,61.65,60.97,61.26,64.175,60.050000000000004,61.46,63.925372771474876,59.81641815235008
PNBGILTS,2022-04-26,T+2,2022-04-28,61.85,61.85,60.92,61.26,64.175,60.050000000000004,61.46,63.925372771474876,59.81641815235008
PNBGILTS,2022-04-26,T+3,2022-04-29,61.55,61.65,61.02,61.17,64.175,60.050000000000004,61.46,63.925372771474876,59.81641815235008
PNBGILTS,2022-04-26,T+4,2022-05-02,61.36,62.43,60.48,61.46,64.175,60.050000000000004,61.46,63.925372771474876,59.81641815235008
PNBGILTS,2022-04-26,T+5,2022-05-04,63.7,63.7,61.41,61.65,64.175,60.050000000000004,61.46,63.925372771474876,59.81641815235008
VSTIND,2021-09-09,T+1,2021-09-13,297.0,298.6,295.7,297.2,303.70714285714286,292.52857142857147,297.0,303.70714285714286,292.52857142857147
VSTIND,2021-09-09,T+2,2021-09-14,295.5,301.65,295.5,297.8,303.70714285714286,292.52857142857147,297.0,303.70714285714286,292.52857142857147
VSTIND,2021-09-09,T+3,2021-09-15,300.75,300.95,293.95,294.75,303.70714285714286,292.52857142857147,297.0,303.70714285714286,292.52857142857147
VSTIND,2021-09-09,T+4,2021-09-16,295.1,314.3,294.8,309.45,303.70714285714286,292.52857142857147,297.0,303.70714285714286,292.52857142857147
VSTIND,2021-09-09,T+5,2021-09-17,309.45,315.9,298.6,301.9,303.70714285714286,292.52857142857147,297.0,303.70714285714286,292.52857142857147
GREENPOWER,2025-01-07,T+1,2025-01-08,16.29,16.34,16.1,16.16,16.949999999999996,15.85,16.29,16.949999999999996,15.85
GREENPOWER,2025-01-07,T+2,2025-01-09,16.16,16.39,15.91,15.97,16.949999999999996,15.85,16.29,16.949999999999996,15.85
GREENPOWER,2025-01-07,T+3,2025-01-10,16.02,16.09,15.24,15.54,16.949999999999996,15.85,16.29,16.949999999999996,15.85
GREENPOWER,2025-01-07,T+4,2025-01-13,15.54,15.58,14.51,14.67,16.949999999999996,15.85,16.29,16.949999999999996,15.85
GREENPOWER,2025-01-07,T+5,2025-01-14,14.78,17.3,14.78,15.95,16.949999999999996,15.85,16.29,16.949999999999996,15.85
MON100,2026-09-08,T+1,2026-09-09,353.31,354.9,335.16,340.57,351.4896428571428,340.1735714285714,353.31,360.2692361991794,348.67050920054703
MON100,2026-09-08,T+2,2026-09-10,349.0,349.0,329.01,333.21,351.4896428571428,340.1735714285714,353.31,360.2692361991794,348.67050920054703
MON100,2026-09-08,T+3,2026-09-11,331.0,338.0,324.87,332.83,351.4896428571428,340.1735714285714,353.31,360.2692361991794,348.67050920054703
MON100,2026-09-08,T+4,2026-09-15,338.44,342.81,330.02,330.62,351.4896428571428,340.1735714285714,353.31,360.2692361991794,348.67050920054703
MON100,2026-09-08,T+5,2026-09-16,338.88,338.88,325.1,326.77,351.4896428571428,340.1735714285714,353.31,360.2692361991794,348.67050920054703
ELIN,2025-07-10,T+1,2025-07-11,181.0,181.0,181.0,181.0,182.2760714285714,174.24928571428575,181.0,185.912143179147,177.72523788056867
ELIN,2025-07-10,T+2,2025-07-14,184.62,184.62,184.62,184.62,182.2760714285714,174.24928571428575,181.0,185.912143179147,177.72523788056867
ELIN,2025-07-10,T+3,2025-07-15,188.31,188.31,188.31,188.31,182.2760714285714,174.24928571428575,181.0,185.912143179147,177.72523788056867
ELIN,2025-07-10,T+4,2025-07-16,192.0,192.0,186.0,186.0,182.2760714285714,174.24928571428575,181.0,185.912143179147,177.72523788056867
ELIN,2025-07-10,T+5,2025-07-17,186.0,189.72,186.0,188.9,182.2760714285714,174.24928571428575,181.0,185.912143179147,177.72523788056867
EXICOM,2025-11-25,T+1,2025-11-26,114.0,117.88,110.49,116.48,119.83857142857141,106.37428571428572,114.0,122.24048982513548,108.50634011657634
EXICOM,2025-11-25,T+2,2025-11-27,117.27,117.78,114.11,114.49,119.83857142857141,106.37428571428572,114.0,122.24048982513548,108.50634011657634
EXICOM,2025-11-25,T+3,2025-11-28,115.18,115.38,110.5,111.88,119.83857142857141,106.37428571428572,114.0,122.24048982513548,108.50634011657634
EXICOM,2025-11-25,T+4,2025-12-01,112.0,113.28,108.2,108.81,119.83857142857141,106.37428571428572,114.0,122.24048982513548,108.50634011657634
EXICOM,2025-11-25,T+5,2025-12-02,108.99,118.86,108.41,110.53,119.83857142857141,106.37428571428572,114.0,122.24048982513548,108.50634011657634
RPOWER,2021-05-10,T+1,2021-05-11,7.0,7.3,6.65,7.3,7.244642857142857,6.253571428571429,7.0,7.625939849624059,6.582706766917293
RPOWER,2021-05-10,T+2,2021-05-12,7.65,7.65,6.95,6.95,7.244642857142857,6.253571428571429,7.0,7.625939849624059,6.582706766917293
RPOWER,2021-05-10,T+3,2021-05-14,7.2,7.25,6.65,6.8,7.244642857142857,6.253571428571429,7.0,7.625939849624059,6.582706766917293
RPOWER,2021-05-10,T+4,2021-05-17,6.9,6.9,6.5,6.6,7.244642857142857,6.253571428571429,7.0,7.625939849624059,6.582706766917293
RPOWER,2021-05-10,T+5,2021-05-18,6.6,6.9,6.45,6.9,7.244642857142857,6.253571428571429,7.0,7.625939849624059,6.582706766917293
MAFANG,2025-12-04,T+1,2025-12-05,176.26,176.29,171.85,176.29,179.66821428571427,173.98785714285714,176.26,179.66821428571427,173.98785714285714
MAFANG,2025-12-04,T+2,2025-12-08,176.06,176.06,176.06,176.06,179.66821428571427,173.98785714285714,176.26,179.66821428571427,173.98785714285714
MAFANG,2025-12-04,T+3,2025-12-09,176.2,176.2,176.06,176.2,179.66821428571427,173.98785714285714,176.26,179.66821428571427,173.98785714285714
MAFANG,2025-12-04,T+4,2025-12-10,176.52,176.52,176.0,176.52,179.66821428571427,173.98785714285714,176.26,179.66821428571427,173.98785714285714
MAFANG,2025-12-04,T+5,2025-12-11,170.0,176.49,170.0,176.49,179.66821428571427,173.98785714285714,176.26,179.66821428571427,173.98785714285714
TVSELECT,2026-01-01,T+1,2026-01-02,445.75,445.75,445.75,445.75,460.68035714285713,421.2964285714286,445.75,469.85074750355466,429.6828349976302
TVSELECT,2026-01-01,T+2,2026-01-05,445.7,445.7,437.0,440.0,460.68035714285713,421.2964285714286,445.75,469.85074750355466,429.6828349976302
TVSELECT,2026-01-01,T+3,2026-01-06,433.0,435.0,432.0,432.0,460.68035714285713,421.2964285714286,445.75,469.85074750355466,429.6828349976302
TVSELECT,2026-01-01,T+4,2026-01-07,430.5,435.9,430.5,435.9,460.68035714285713,421.2964285714286,445.75,469.85074750355466,429.6828349976302
TVSELECT,2026-01-01,T+5,2026-01-08,435.9,435.9,429.5,430.0,460.68035714285713,421.2964285714286,445.75,469.85074750355466,429.6828349976302
RPOWER,2022-09-01,T+1,2022-09-02,20.9,23.75,20.25,21.2,21.77857142857143,19.064285714285713,20.9,22.589188231123718,19.773874512584186
RPOWER,2022-09-01,T+2,2022-09-05,21.55,23.3,21.55,23.3,21.77857142857143,19.064285714285713,20.9,22.589188231123718,19.773874512584186
RPOWER,2022-09-01,T+3,2022-09-06,24.75,25.0,21.4,21.95,21.77857142857143,19.064285714285713,20.9,22.589188231123718,19.773874512584186
RPOWER,2022-09-01,T+4,2022-09-07,21.75,22.75,21.3,21.65,21.77857142857143,19.064285714285713,20.9,22.589188231123718,19.773874512584186
RPOWER,2022-09-01,T+5,2022-09-08,22.1,22.35,21.15,21.3,21.77857142857143,19.064285714285713,20.9,22.589188231123718,19.773874512584186
TANLA,2020-03-27,T+1,2020-03-30,46.75,46.75,42.35,46.15,50.34642857142857,40.68571428571428,46.75,52.832671957671955,42.69488536155203
TANLA,2020-03-27,T+2,2020-03-31,47.65,48.45,47.5,48.45,50.34642857142857,40.68571428571428,46.75,52.832671957671955,42.69488536155203
TANLA,2020-03-27,T+3,2020-04-01,50.3,50.85,48.3,50.25,50.34642857142857,40.68571428571428,46.75,52.832671957671955,42.69488536155203
TANLA,2020-03-27,T+4,2020-04-03,51.8,52.75,50.6,52.75,50.34642857142857,40.68571428571428,46.75,52.832671957671955,42.69488536155203
TANLA,2020-03-27,T+5,2020-04-07,54.45,55.3,50.3,51.4,50.34642857142857,40.68571428571428,46.75,52.832671957671955,42.69488536155203
LLOYDSENGG,2022-02-04,T+1,2022-02-07,16.49,16.49,15.74,16.49,17.28392857142857,14.710714285714285,16.49,18.107495688872753,15.411669540751495
LLOYDSENGG,2022-02-04,T+2,2022-02-08,17.29,17.29,15.7,17.29,17.28392857142857,14.710714285714285,16.49,18.107495688872753,15.411669540751495
LLOYDSENGG,2022-02-04,T+3,2022-02-09,16.85,17.29,16.45,16.45,17.28392857142857,14.710714285714285,16.49,18.107495688872753,15.411669540751495
LLOYDSENGG,2022-02-04,T+4,2022-02-10,15.65,17.02,15.65,15.74,17.28392857142857,14.710714285714285,16.49,18.107495688872753,15.411669540751495
LLOYDSENGG,2022-02-04,T+5,2022-02-11,14.99,14.99,14.99,14.99,17.28392857142857,14.710714285714285,16.49,18.107495688872753,15.411669540751495
TTML,2022-02-04,T+1,2022-02-07,172.2,172.2,165.1,172.2,177.85892857142858,154.76071428571427,172.2,186.75187499999998,162.49874999999997
TTML,2022-02-04,T+2,2022-02-08,180.8,180.8,180.8,180.8,177.85892857142858,154.76071428571427,172.2,186.75187499999998,162.49874999999997
TTML,2022-02-04,T+3,2022-02-09,177.0,177.0,171.8,171.8,177.85892857142858,154.76071428571427,172.2,186.75187499999998,162.49874999999997
TTML,2022-02-04,T+4,2022-02-10,163.25,163.25,163.25,163.25,177.85892857142858,154.76071428571427,172.2,186.75187499999998,162.49874999999997
TTML,2022-02-04,T+5,2022-02-11,155.1,155.1,155.1,155.1,177.85892857142858,154.76071428571427,172.2,186.75187499999998,162.49874999999997
